{"brushes":[],"export_file_format":0,"export_file_name":"wood","fps":6,"frames":[{"cels":[{"metadata":{},"opacity":1,"z_index":0}],"duration":1,"metadata":{}}],"guides":[],"layers":[{"blend_mode":0,"clipping_mask":false,"effects":[],"locked":false,"metadata":{},"name":"Layer 1","new_cels_linked":false,"opacity":1,"parent":-1,"type":0,"visible":true}],"metadata":{},"pixelorama_version":"v1.0.5-stable","pxo_version":4,"reference_images":[],"size_x":64,"size_y":64,"symmetry_points":[63,63],"tags":[],"tile_mode_x_basis_x":64,"tile_mode_x_basis_y":0,"tile_mode_y_basis_x":0,"tile_mode_y_basis_y":64,"user_data":"","vanishing_points":[]}